Number,Rk,Fed,Title,Username,Name,Rating,RND1,RND2,RND3,RND4,RND5,Score,Buchholz Cut 1,Buchholz,Sonneborn-Berger,Direct encounter,The greater number of wins including forfeits,Number of wins with Black pieces,AROC 1
1,1,FRA,,comelite,,2285,W60B,W52W,W49B,W7W,W6B,5,14
1,2,FRA,,blusky6,Arnaud Ptr,2206,W62W,W58B,W26W,W20B,W5W,5,14
3,50,FRA,,Guillaume_Yvon,,1593,W85W,W9B,W18W,D16B,W17W,4.5,13.75
4,15,FRA,,FlagUASAP,,1998,W59B,W44W,D17W,W22B,W16W,4.5,13.25
5,20,FRA,,Hellboy377,Benjamin Gourio,1951,W40W,W67B,W12B,W13W,L2B,4,13
5,5,FRA,CM,jmpion,Jean Meunier-Pion,2167,W42B,W15W,W102B,W11W,L1W,4,13
7,10,FRA,,camillekaze57,,1943,W64W,W30B,W29W,L1B,W36W,4,11
7,22,FRA,,Rislonely,Naruto Uchiwa,1784,L77W,W25B,W41W,W66B,W24W,4,11
9,21,FRA,,Lattesechecsplayer,,1930,W68B,L3W,W23B,W72W,W30B,4,10
9,99,FRA,,Lonas_mithe,,1786,W41W,U--,W65W,W56B,W33W,4,10
9,19,FRA,,Tomyys,,1889,W51B,W55W,W22W,L6B,W27B,4,10
12,8,FRA,,supergenial,Édouard MB,2008,W70W,W65B,L5W,W71B,W37W,4,9
12,4,FRA,,letton72,,2103,W96W,W37B,W31W,L5B,W29W,4,9
12,35,FRA,,Valoulouloulou,,1633,W87B,L16B,W38W,W49W,W31B,4,9
15,31,FRA,,nonrienderien,,1850,W95B,L6B,W64W,W46B,W20W,4,7.5
16,9,FRA,,mallse,,1985,W61B,W14W,W35B,D3W,L4B,3.5,11.25
17,3,FRA,,tampi2002,,2117,W56B,W36W,D4B,W19W,L3B,3.5,10.75
18,11,FRA,,jgame67,Jerome Genz',2135,W28B,D45W,L3B,W50B,W32W,3.5,9.25
19,34,FRA,,adpkh,,2103,W46W,W50W,D47B,L17B,W45W,3.5,8.25
20,12,MAR,,omarbennani8,Omar Bennani,2032,W43W,W34B,W66B,L2W,L15B,3,8
21,30,FRA,,Vin100D,,1530,L78W,W68B,W43W,L33B,W64W,3,7
21,7,JPN,,Mad_Hatter14,,2061,W63B,W27W,L11B,L4W,W62B,3,7
21,76,FRA,,Ali-H3D,,1729,L52B,W42W,L9W,W68B,W73W,3,7
24,44,FRA,,mascarita_20,,1570,W75W,L102W,W78B,W35W,L8B,3,6
24,1,FRA,,ptitloup7,Maël Jodry-Vhn,1430,U--,L8W,W74B,W67W,W55W,3,6
26,14,FRA,,Quent216,Quentin ARBERET,1883,W76W,W72B,L2B,L30W,W57B,3,5.5
27,33,FRA,,Marguetv,Vincent Marguet,1593,W91B,L22B,W73W,W48B,L11W,3,5
27,61,FRA,,Enguer3,,1511,L18W,L48B,W91W,W69B,W72B,3,5
27,25,FRA,,rmdl94,Raymond  Forest,1944,W83B,W82W,L7B,W39W,L13B,3,5
27,39,FRA,,Mistermazette,,1720,W99B,L7W,W57B,W26B,L9W,3,5
27,18,FRA,,nguerd,,1844,W81W,W79B,L13B,W44W,L14W,3,5
27,40,FRA,,Fr_mchl_chess,,1940,W48W,L49B,W81W,W54B,L18B,3,5
27,1,ZWE,,Mandon2030,Monke Monke,944,U--,BYE,W62W,W21W,L10B,3,5
34,41,FRA,,Natsparov,,1695,W88B,L20W,L51B,W77W,W49B,3,4
34,23,FRA,,Despinpower,,1696,W80B,W77W,L16W,L24B,W70W,3,4
34,28,FRA,,dr-patels,,1898,W101W,L17B,W63W,W55B,L7B,3,4
34,29,FRA,,Fowlstone,,1715,W100B,L13W,W61B,W51W,L12B,3,4
34,66,FRA,,Sroge91,Simon Rogé,1618,L102B,W94W,L14B,W65W,W56W,3,4
34,56,FRA,,baptistemichaud,Baptiste Michaud,1615,L50B,W95W,W58W,L29B,W51W,3,4
34,70,FRA,,Turbonxgro,,1630,L5B,L53B,W94W,W63B,W71W,3,4
41,49,FRA,,stardocka,,1718,L10B,W97W,L8B,W81W,W48B,3,3
41,55,FRA,,ThundersThor,Lucas Dethoor,1597,L6W,L23B,W97B,W80W,W54W,3,3
41,62,FRA,,TheHawaiennePizza,,1363,L20B,W103W,L21B,W82B,W66W,3,3
41,43,FRA,,chesstut,Léo,1654,W93B,L4B,W80W,L31B,W59W,3,3
45,38,FRA,,armen3333,,1848,W74W,D18B,L54W,W52W,L19B,2.5,5.75
46,84,FRA,,LePapeDeWesteros,,1273,L19B,W70B,W67W,L15W,D58B,2.5,5
47,24,FRA,,NastyWoodpecker,Esteban Felden,1693,W97W,W78B,D19W,U--,U--,2.5,2.75
48,90,FRA,,eCHEHqueur,,1058,L32B,W28W,W60B,L27W,L41W,2,5
48,13,FRA,,Learza7,,1967,W73B,W32W,L1W,L14B,L34W,2,5
50,6,FRA,,luc89,lucas,1956,W39W,L19B,U--,L18W,W76B,2,4.5
51,69,FRA,,theo_ji,,1329,L11W,W90B,W34W,L37B,L39B,2,4
51,26,FRA,,vframeze,,1543,W23W,L1B,L56W,L45B,W80B,2,4
51,37,FRA,,Michel_100,,1901,L82B,W40W,U--,U--,W78B,2,4
54,17,FRA,,GoldCatcher,,1882,W84B,L66W,W45B,L32W,L42B,2,3.5
55,47,FRA,,Jolaseche,,1811,W69B,L11B,W82W,L36W,L25B,2,3
55,53,FRA,,Emilio_59,,1532,L17W,W83B,W52B,L10W,L38B,2,3
55,96,FRA,,Arthurpasq,,1792,L79B,W84W,L30W,W61B,L26W,2,3
55,27,FRA,,Nooobel,,1819,W89B,L2W,L39B,D76W,D46W,2,3
55,65,FRA,,ImpactMaizena,,1386,L4W,U--,W87B,W75W,L44B,2,3
60,51,FRA,,AquaiceK,Louis Kervella,2007,L1W,L80B,L48W,W87B,W91B,2,2
60,59,FRA,,Kedrazia,,1736,L16W,W91B,L37W,L57W,W82B,2,2
60,52,MAR,,GodKurono,Ziyad Oulhaj,1638,L2B,W89W,L33B,W84W,L22W,2,2
60,57,FRA,,Kxeropt,Alexis  Plessias,1407,L22W,W86B,L36B,L40W,W88B,2,2
60,60,FRA,,Protecteur-Fantome,,1351,L7B,W87W,L15B,W78W,L21B,2,2
60,32,FRA,,loulouB10,loulou B10,1748,W86W,L12W,L10B,L38B,W89W,2,2
60,45,FRA,,Flox121,,1416,W94B,W54B,L20W,L8W,L43B,2,2
60,48,FRA,,Vincebeatbox2001,,1531,W90W,L5W,L46B,L25B,W86W,2,2
60,71,FRA,,Maxime0601,Maxime Henry,1169,L9W,L21W,W88B,L23W,W85B,2,2
60,97,CZE,,PontsLouis,Louis Galiègue,1395,L55W,L81B,W86W,L28W,W77B,2,2
60,58,FRA,,Maxou-Blavoux,Maxime Blavoux,1425,L12B,L46W,W83W,W89B,L35B,2,2
71,36,FRA,,ENSTA2024,,1785,W98W,U--,W76B,L12W,L40B,2,1.5
72,42,FRA,,Nattanio7,Nathan Thierry,1735,W103W,L26W,W77B,L9B,L28W,2,1
72,63,FRA,,kaiiisuuus,,1372,L49W,W93B,L27B,W85W,L23B,2,1
72,88,FRA,,Slywind,,1106,L45B,U--,L25W,W100W,W84B,2,1
75,94,FRA,,pierreandre3965,,928,L24B,L76B,W95W,L59B,W100B,2,0
76,64,FRA,,Dolberg,,1370,L26B,W75W,L71W,D58B,L50W,1.5,3
77,72,FRA,,lil_flowtante,,1170,W8B,L35B,L72W,L34B,L69W,1,4
78,80,FRA,,shalowan,Thomas Abbo,1199,W21B,L47W,L24W,L64B,L53W,1,3
79,46,FRA,,Sayial,,1601,W57W,L31W,U--,U--,U--,1,2
79,73,FRA,,nikolamf,,1349,L35W,W60W,L44B,L42B,L52W,1,2
79,68,FRA,,leonarddarbeau,,1248,L31B,W69W,L32B,L41B,U--,1,2
79,87,FRA,,migoumigou,,1049,W53W,L29B,L55B,L43W,L61W,1,2
83,75,FRA,,nicolasbouchet63,Nicolas Bouchet,976,L29W,L56W,L70B,W90W,U--,1,1
84,67,FRA,,ahmadrasydan,,978,L54W,L57B,W99W,L62B,L74W,1,0
84,100,FRA,,zayteckk,,657,L3B,U--,BYE,L73B,L68W,1,0
84,82,FRA,,Aimatik,Guillaume Revel,1124,L65B,L63W,L69B,W93W,L67B,1,0
84,85,FRA,,Baitwod,Bastien Monkey,1024,L14W,L64B,L59W,L60W,W94B,1,0
84,91,FRA,,yanncotineau,,1060,L34W,U--,L68W,W95B,L63W,1,0
84,77,FRA,,TheAtrossian,,1412,L58W,L62B,W103B,L70W,L65B,1,0
84,98,USA,,LGE007,Paul Glpn,735,L67B,L51W,U--,L83B,BYE,1,0
84,83,NOR,,BenediktM,Benedikt Mithassel,1097,L27W,L61W,L28B,W94B,L60W,1,0
84,89,FRA,,lordhululung,,1000,U--,U--,U--,U--,W95W,1,0
93,93,FRA,,NatDraK,,985,L44W,L73W,U--,L86B,U--,0,0
93,95,FRA,,Hergam4,,839,L66W,L38B,L40B,L91W,L87W,0,0
93,81,FRA,,GneuGneuGne,,1090,L15W,L39B,L75B,L88W,L92B,0,0
93,54,FRA,,Wealthiest30,Romain F,1446,L13B,U--,U--,U--,U--,0,0
93,74,FRA,,El-Smith4233,,1070,L47B,L41B,L42W,U--,U--,0,0
93,86,FRA,,nina_puy,Nina Puydoyeux,890,L71B,U--,U--,U--,U--,0,0
93,89,ITA,,giuliocorallo,Giulio Corallo,1049,L30W,U--,L84B,U--,U--,0,0
93,79,ITA,,lorenzopisano,Lorenzo Pisanò,1162,L37W,U--,U--,L74B,L75W,0,0
93,78,NOR,,Nuggeten,Christian Nguyen,1385,L36B,U--,U--,U--,U--,0,0
102,16,FRA,,PontsMatthieu,,2074,W38W,W24B,L6W,U--,U--,2,2
103,92,FRA,,Cubacide,Jonathan D,981,L72B,L43B,L89W,U--,U--,0,0


